A Doubt,,,0,0,0,0,0,0,0,78
Aberrant spectre,,,20,20,20,15,15,15,0,96
Abhorrent spectre,,,40,40,40,30,30,30,0,253
Abomination,,,80,80,80,180,180,180,20,149
Abyssal Sire,,,"50,25","40,20","60,30","60,30","60,30","60,30","20,-40",350
Abyssal antibody,,,0,0,0,0,0,0,0,30
Abyssal demon,,,20,20,20,20,20,20,0,124
Abyssal guardian,,,70,70,70,70,70,70,150,59
Abyssal leech,,,100,50,50,10,10,10,50,41
Abyssal leech (The Scar),,,"10,0,100","50,0","50,0","10,0","10,0","10,0","50,0","32,46,54"
Abyssal portal,Fire,50,0,0,0,140,110,140,60,
Abyssal walker,,,10,75,75,75,75,75,75,81
Abyssal walker (The Scar),,,10,75,75,75,75,75,75,"90,109"
Acidic Bloodveld,,,-100,-100,-100,-100,-100,-100,-100,56
Adamant dragon,Earth,50,85,20,110,95,65,95,30,338
Afflicted,,,0,0,0,0,0,0,0,"30,32,34,37"
Agile Scarab,,,0,0,0,0,0,0,0,53
Agrith Naar,,,0,0,0,0,0,0,0,"100,196"
Agrith-Na-Na,,,100,100,100,100,100,100,100,"146,235"
Ahrim the Blighted,Air,50,117,103,85,0,0,0,73,98
Air elemental,,,0,0,0,0,0,0,0,34
Air wizard,,,0,0,0,0,0,0,15,13
Akkha,,,120,60,120,60,60,60,10,337
Akkha's Shadow,,,120,60,120,60,60,60,10,108
Al Kharid warrior,,,10,12,15,12,12,12,-1,9
Albino bat,,,0,0,0,0,0,0,0,52
Alchemical Hydra,,,150,75,150,45,45,45,150,426
Alexis,,,-21,-21,-21,-21,-21,-21,-21,24
Alomone,,,8,5,6,0,0,0,0,13
Alrik,,,0,0,0,0,0,0,0,1
Ammonite Crab,,,0,0,0,0,0,0,0,25
Ancient Guardian,,,0,40,40,30,30,30,5,25
Ancient Guardian (Desert Treasure II),,,20,50,40,50,50,50,10,153
Ancient Wizard,,,0,0,0,0,0,0,0,"98,112"
Ancient Wyvern,,,70,70,70,120,120,120,170,210
Ancient Zygomite,,,20,20,20,30,30,30,30,109
Angry barbarian spirit,,,2,0,3,2,2,2,-3,166
Angry bear,,,0,0,0,"unknown,0","unknown,0","unknown,0",0,"40,47"
Angry giant rat,,,0,0,0,"unknown,0","unknown,0","unknown,0",0,"45,47"
Angry goblin,,,0,0,0,"unknown,0","unknown,0","unknown,0",0,"45,47"
Angry unicorn,,,0,0,0,"unknown,0","unknown,0","unknown,0",0,"45,47"
Animated Adamant Armour,,,19,50,25,400,400,400,400,113
Animated Black Armour,,,19,50,25,400,400,400,400,69
Animated Bronze Armour,,,19,50,25,400,400,400,400,11
Animated Iron Armour,,,19,50,25,400,400,400,400,23
Animated Mithril Armour,,,19,50,25,400,400,400,400,92
Animated Rune Armour,,,19,50,25,400,400,400,400,138
Animated Steel Armour,,,19,50,25,400,400,400,400,46
Animated spade,,,5,15,10,10,10,10,5,50
Animated steel armour (Tarn's Lair),,,25,50,25,400,400,400,400,53
Anja,,,-21,-21,-21,-21,-21,-21,-21,2
Ankou,,,0,0,0,0,0,0,0,"75,82,86,95,98"
Apparition,,,"0,65,30,15","0,65,30,15","0,65,30,15","0,70","0,70","0,70","0,50,70","81,75"
Arcane Scarab,Fire,50,30,15,250,50,50,50,75,89
Archer (Ardougne),,,27,18,23,19,19,19,10,37
Archer (Burthorpe),,,49,39,50,45,45,45,18,42
Arianwyn,,,80,80,80,180,180,180,260,"212,378"
Armadylean guard,,,0,0,0,0,0,0,3,97
Armoured Foe,,,,,,,,,,820
Armoured zombie,,,0,20,20,10,10,10,0,85
Arrg,,,35,35,60,200,200,200,200,"113,210"
Artio,,,110,125,110,40,40,40,0,320
Arzinian Avatar of Magic,,,"80,40","80,40","80,40","unknown,15,10","unknown,15,10","unknown,15,10","15,20","125,75"
Arzinian Avatar of Ranging,,,"15,10","15,10","15,10","unknown,20,15","unknown,20,15","unknown,20,15","80,40","125,75"
Arzinian Avatar of Strength,,,"15,20","15,20","15,20","unknown,80,40","unknown,80,40","unknown,80,40","15,10","125,75"
Assassin,,,80,60,30,50,50,50,200,262
Assassin (A Kingdom Divided),,,50,50,50,50,50,50,20,132
Asyn Shade,,,0,0,0,0,0,0,0,100
Asyn shadow (Temple Trekking),,,0,0,0,0,0,0,0,110
Avatar of Creation,,,20,20,20,20,20,20,20,525
Avatar of Destruction,,,20,20,20,20,20,20,20,525
Aviansie,Air,Tz-Kek,0,0,0,0,0,-20,0,"69,71,73,79,83,84,89,92,94,97,131,137,148"
Awakened Altar,,,,,,,,,,
Ba-Ba,No,Zero (scenery),240,80,160,200,120,200,280,359
Baboon,,,50,10,50,50,50,50,50,77
Baboon Brawler,,,900,900,900,900,900,900,-60,"56,68"
Baboon Mage,,,900,900,900,-50,-50,-50,900,"56,68"
Baboon Shaman,,,900,900,900,-50,-50,-50,900,74
Baboon Thrall,,,0,0,0,0,0,0,0,52
Baboon Thrower,,,-50,-50,-50,900,900,900,900,"56,68"
Baby Roc,,,0,0,0,0,0,0,150,75
Baby black dragon,Water,50,50,10,50,30,15,30,40,83
Baby blue dragon,Water,50,50,10,50,30,15,30,40,48
Baby blue dragon (20th Anniversary event),,,,,,,,,,
Baby dragon (unused),,,,,,,,,,48
Baby green dragon,,,50,30,50,30,30,30,40,48
Baby impling,,,-10,-10,-10,-10,-10,-10,10,
Baby red dragon,,,50,30,50,30,30,30,40,48
Baby red dragon (Construction),,,50,30,50,30,30,30,40,65
Baby tanglefoot,,,0,0,0,0,0,0,0,45
Balfrug Kreeyath,,,0,0,0,0,0,0,10,151
Bandit,,,"2,22",0,"3,23",0,0,0,0,"22,130"
Bandit (Bandit Camp),,,0,0,0,0,0,0,0,"57,74"
Bandit (Pollnivneach),,,8,0,9,0,0,0,10,"41,56"
Bandit (Shayzien),,,5,4,8,4,4,4,1,22
Bandit (Varlamore),,,5,4,8,4,4,4,1,23
Bandit champion,,,10,9,8,0,0,0,0,70
Bandosian guard,,,13,12,14,13,13,13,5,125
Banshee,,,5,5,5,5,5,5,0,23
Barbarian,,,"0,10,2","1,9,0","1,10,3","0,5,2","0,5,2","0,5,2","0,-3","8,9,10,15,17"
Barbarian (Barbarian Camp),,,"10,2",0,"10,3","5,2","5,2","5,2",-3,"9,10,15"
Barbarian (historical),,,,,,,,,,
Barbarian Warlord,,,15,15,20,10,10,10,0,91
Barbarian woman (historical),,,,,,,,,,8
Bark Blamish Snail,,,30,5,5,30,30,30,5,15
Barrelchest,,,0,0,0,0,0,0,0,"190,380"
Basilisk,,,0,20,20,0,0,0,20,61
Basilisk Knight,No,Zero (scenery),-15,30,30,20,-15,20,30,204
Basilisk Sentinel,,,10,50,50,10,10,10,50,358
Basilisk Youngling,,,0,20,20,0,0,0,20,57
Bat,,,5,2,2,0,0,0,2,6
Battle mage,,,0,0,0,0,0,0,0,54
Bear Cub,,,0,0,0,0,0,0,0,15
Bedabin Nomad Fighter,,,0,0,0,0,0,0,0,56
Berry,,,10,0,0,200,200,200,200,71
Berserk barbarian spirit,,,2,0,3,2,2,2,-3,166
Big Snake,,,0,0,0,0,0,0,0,84
Big Wolf,,,0,0,0,0,0,0,0,73
Big frog,,,0,0,0,0,0,0,0,"24,10"
Billy Goat,,,0,10,10,10,10,10,0,33
Bird,,,0,0,0,0,0,0,0,"5,11"
Black Guard,,,"4,40","3,40","4,40","3,40","3,40","3,40","2,0","25,48"
Black Guard Berserker,,,60,60,60,60,60,60,0,66
Black Heather,,,10,9,8,0,0,0,0,34
Black Knight,,,70,73,76,72,72,72,-11,33
Black Knight (Wanted!),,,70,73,76,72,72,72,-11,32
Black Knight Titan,,,18,18,27,1000,1000,1000,"1,000","120,210"
Black bear,,,0,0,0,0,0,0,0,19
Black chinchompa (Hunter),,,0,0,0,0,0,0,0,2
Black demon,Water,40,0,0,0,0,0,0,"-10,-5","172,178,184,188"
Black demon (20th Anniversary event),,,,,,,,,,
Black demon (The Grand Tree),,,0,0,0,0,0,0,-10,"172,292"
Black dragon,Water,50,70,10,70,50,15,50,60,"247,227"
Black dragon (20th Anniversary event),,,,,,,,,,
Black golem,,,1,300,300,300,300,300,300,75
Black jaguar,,,0,0,0,0,0,0,0,67
Black knight (Port Sarim Jail),,,70,73,76,72,72,72,-11,33
Black unicorn,,,0,0,0,0,0,0,0,27
Black unicorn Foal,,,0,0,0,0,0,0,0,22
Blessed giant rat,,,-24,-24,-24,-24,-24,-24,-24,9
Blessed spider,,,7,15,16,16,16,16,12,39
Blood Blamish Snail,,,30,5,5,50,50,50,5,20
Blood Moon,,,100,100,0,500,500,500,500,329
Blood Reaver,,,120,20,80,55,55,55,300,"174,161"
Blood jaguar,,,0,0,0,0,0,0,0,40
Blood spawn,,,0,0,0,0,0,0,0,55
Bloodthirst rockslug,,,,,,,,,,86
Bloodthirsty Basilisk Sentinel,,,10,50,50,10,10,10,50,537
Bloodthirsty Bloodveld,,,0,0,0,0,0,0,0,303
Bloodthirsty Cockathrice,,,0,20,20,0,0,0,20,133
Bloodthirsty Crawler,,,,,,,,,,68
Bloodthirsty Drake,,,100,60,100,150,150,150,20,576
Bloodthirsty Hydra,,,200,100,200,20,20,20,200,501
Bloodthirsty Infernal pyrelord,,,18,18,18,18,18,18,0,201
Bloodthirsty Jelly,,,0,0,0,0,0,0,0,309
Bloodthirsty Mage,,,,,,,,,,162
Bloodthirsty Nechryarch,,,30,30,30,30,30,30,0,450
Bloodthirsty Night beast,,,200,75,80,200,200,200,190,561
Bloodthirsty Repugnant spectre,,,,,,,,,,335
Bloodthirsty Shadow Wyrm,,,100,20,100,20,20,20,50,400
Bloodthirsty Turoth,,,40,0,40,0,0,0,0,366
Bloodthirsty abomination,,,,,,,,,,206
Bloodthirsty abyssal demon,,,50,50,50,50,50,50,0,513
Bloodthirsty banshee,,,,,,,,,,70
Bloodthirsty basilisk,,,0,35,35,0,0,0,35,202
Bloodthirsty choke devil,,,,,,,,,,396
Bloodthirsty gargoyle,,,,,,,,,,349
Bloodthirsty hand,,,,,,,,,,45
Bloodthirsty kurask,,,5,0,50,0,0,0,0,295
Bloodthirsty mutated Bloodveld,,,0,0,0,0,0,0,0,417
Bloodthirsty pyrelord,,,18,18,18,18,18,18,0,145
Bloodthirsty smoke devil,,,0,0,0,80,80,80,850,420
Bloodthirsty spectre,,,,,,,,,,253
Bloodthirsty twisted banshee,,,,,,,,,,144
Bloodthirsty warped Jelly,,,0,0,0,0,0,0,0,361
Bloodveld,,,0,0,0,0,0,0,0,"76,81"
Bloodworm,,,0,0,0,0,0,0,0,52
Blue Moon,,,0,100,100,500,500,500,500,329
Blue dragon,Water,50,70,10,70,50,15,50,60,111
Blue dragon (20th Anniversary event),,,,,,,,,,
Boar,,,0,0,0,0,0,0,0,"5,7"
Body Golem,,,0,5,5,10,10,10,2,50
Boris,,,-21,-21,-21,-21,-21,-21,-21,24
Borrokar,,,0,0,0,0,0,0,0,48
Bouncer,,,0,0,0,0,0,0,0,"137,244"
Bouncer (ghost),,,0,0,0,0,0,0,0,160
Brassican Mage,,,0,0,0,0,0,0,0,140
Brawler,,,0,0,0,0,0,0,0,"51,76,101,129,158"
Bree,,,14,12,14,5,5,5,18,146
Breoca,,,-12,-12,-12,-12,-12,-12,-12,5
Brine rat,,,0,0,0,0,0,0,0,70
Broddi,,,-12,-12,-12,-12,-12,-12,-12,2
Bronze dragon,Earth,50,70,20,70,90,65,90,30,"131,143"
Broodoo victim,,,20,20,20,0,0,0,0,60
Bruise Blamish Snail,,,30,5,5,50,50,50,5,20
Brutal black dragon,Water,50,70,10,70,50,15,50,60,318
Brutal blue dragon,Water,50,70,10,70,50,15,50,60,271
Brutal green dragon,Water,50,70,10,70,50,15,50,60,227
Brutal red dragon,Water,50,70,10,70,50,15,50,60,289
Bryophyta,,,0,0,0,0,0,0,0,128
Buffalo,,,-21,-21,-21,-21,-21,-21,-21,9
Bunny,,,-42,-42,-42,-42,-42,-42,-42,2
Bush snake,,,0,0,0,0,0,0,0,35
Callisto,,,125,150,130,50,50,50,0,470
Callisto (PvM Arena),,,175,135,104,230,230,230,900,470
Calvar'ion,,,-10,130,128,211,211,211,198,264
Camp dweller,,,0,0,0,0,0,0,0,"25,31"
Carnivorous chinchompa,,,0,0,0,0,0,0,0,2
Catablepon,,,"20,30","40,50","30,40","40,50","40,50","40,50","20,30","49,64,68"
Cave abomination,,,0,0,0,0,0,0,0,206
Cave abomination (Deadman: Apocalypse),,,0,0,0,0,0,0,0,361
Cave bug,,,"5,35","10,72","10,59","10,95","10,95","10,95","5,25","6,96"
Cave crawler,,,5,10,10,10,10,10,5,23
Cave goblin (monster),,,0,0,0,0,0,0,0,3
Cave goblin guard,,,19,"0,1","15,16",12,12,12,-3,"24,26"
Cave goblin miner,,,0,0,0,0,0,0,0,11
Cave horror,,,0,0,0,0,0,0,0,80
Cave kraken,,,0,0,0,100,100,100,-63,127
Cave lizard,,,15,5,15,5,5,5,0,37
Cave slime,,,0,0,0,0,0,0,0,23
Ceolburg,,,-12,-12,-12,-12,-12,-12,-12,4
Cerberus,Water,40,25,50,100,100,100,100,100,318
Champion of Scabaras,,,160,120,160,5,5,5,340,379
Chaos Elemental,,,70,70,70,70,70,70,70,305
Chaos Elemental (PvM Arena),,,70,70,70,70,70,70,70,305
Chaos Fanatic,,,250,260,260,80,80,80,280,202
Chaos Golem,,,0,5,5,10,10,10,2,70
Chaos druid,,,0,0,0,0,0,0,0,13
Chaos druid warrior,,,14,13,17,14,14,14,-4,37
Chaos dwarf,,,25,40,34,35,35,35,10,48
Chaotic death spawn,,,0,0,0,0,0,0,0,215
Chasm Crawler,,,5,10,10,10,10,10,5,68
Chicken,,,-42,-42,-42,-42,-42,-42,-42,1
Chicken (Tutorial Island),,,,,,,,,,3
Chinchompa (Hunter),,,0,0,0,0,0,0,0,1
Choke devil,,,0,0,0,0,0,0,0,264
Chompy bird,,,0,0,0,0,0,0,0,6
Chronozon,,,0,0,0,0,0,0,0,"170,297"
City guard,,,19,13,24,0,0,0,0,83
Clivet,,,8,5,6,0,0,0,0,13
Cockathrice,,,0,20,20,0,0,0,20,89
Cockatrice,,,0,10,10,0,0,0,10,37
Colonel Radick,,,34,39,31,0,0,0,0,38
Colossal Chocco Chicken,,,,,,,,,,
Colossal Hydra,,,200,100,200,20,20,20,200,309
Commander Zilyana,No,Zero (scenery),100,100,100,100,75,100,100,596
Commander Zilyana (Deadman: Apocalypse),,,100,100,100,100,100,100,100,596
Commander Zilyana (PvM Arena),,,100,100,100,100,100,100,100,596
Confused barbarian,,,2,0,3,2,2,2,-3,132
Confusion beast,,,0,0,0,0,0,0,0,"43,63"
Corporeal Beast,No,Zero (scenery),100,25,200,230,100,230,150,785
Corrupt Lizardman,,,0,-10,25,0,0,0,0,"46,152"
Corrupted Bat,,,0,0,0,0,0,0,0,48
Corrupted Bear,,,0,0,0,0,0,0,0,258
Corrupted Dark Beast,,,0,0,0,0,0,0,0,258
Corrupted Dragon,,,0,0,0,0,0,0,0,258
Corrupted Hunllef,,,20,20,20,20,20,20,20,894
Corrupted Rat,,,0,0,0,0,0,0,0,34
Corrupted Scorpion,,,0,0,0,0,0,0,0,89
Corrupted Spider,,,0,0,0,0,0,0,0,32
Corrupted Unicorn,,,0,0,0,0,0,0,0,64
Corrupted Wolf,,,0,0,0,0,0,0,0,102
Count Draynor,,,3,2,1,0,0,0,0,"34,177"
Cow,,,-21,-21,-21,-21,-21,-21,-21,2
Cow (Nightmare Zone),,,-21,-21,-21,-21,-21,-21,-21,"2,170"
Cow calf,,,-26,-26,-26,-26,-26,-26,-26,2
Crab,,,0,0,0,0,0,0,0,"21,23"
Crawling Hand,,,0,0,0,0,0,0,0,"7,8,11,12"
Crazy archaeologist,,,30,5,5,250,250,250,250,204
Crimson sanguisphera,,,0,0,0,0,0,0,0,34
Crocodile,,,22,20,12,20,20,20,10,63
Crocodile (Tombs of Amascut),,,350,150,350,150,150,150,5,71
Cruor,,,100,100,25,50,50,50,150,285
Crushing hand,,,0,0,0,0,0,0,0,45
Crypt rat,,,0,0,0,0,0,0,0,43
Crypt spider,,,10,20,20,20,20,20,17,56
Crystal impling,,,-10,-10,-10,-10,-10,-10,50,
Crystalline Bat,,,0,0,0,0,0,0,0,33
Crystalline Bear,,,0,0,0,0,0,0,0,172
Crystalline Dark Beast,,,0,0,0,0,0,0,0,172
Crystalline Dragon,,,0,0,0,0,0,0,0,172
Crystalline Hunllef,,,20,20,20,20,20,20,20,674
Crystalline Rat,,,0,0,0,0,0,0,0,24
Crystalline Scorpion,,,0,0,0,0,0,0,0,64
Crystalline Spider,,,0,0,0,0,0,0,0,22
Crystalline Unicorn,,,0,0,0,0,0,0,0,48
Crystalline Wolf,,,0,0,0,0,0,0,0,74
Cuffs,,,5,5,5,5,5,5,5,3
Culinaromancer,,,-10,-10,-10,-10,-10,-10,-10,"75,209"
Cultist,,,30,20,20,20,20,20,10,34
Cursed Baboon,,,900,900,900,-50,-50,-50,-60,77
Cuthbert,,,0,0,0,0,0,0,0,1
Cyclops,,,0,0,0,0,0,0,0,"56,76,106"
Cyclops (Ardougne Zoo),,,0,0,0,0,0,0,0,56
Cyclops (Catacombs of Kourend),,,0,0,0,0,0,0,0,"56,76"
Cyclops (God Wars Dungeon),,,0,0,0,0,0,0,0,81
Dad,,,40,25,25,200,200,200,200,"101,201"
Dagannoth,,,0,0,0,"0,50","0,50","0,50","0,50","74,92"
Dagannoth (Construction),,,50,50,50,50,50,50,50,135
Dagannoth (Horror from the Deep),,,0,0,0,0,0,0,0,100
Dagannoth (Waterbirth Island),,,"90,50","10,50","10,50","150,50","150,50","150,50","200,50","88,90"
Dagannoth Prime,,,255,255,255,10,10,10,255,303
Dagannoth Prime (Deadman: Apocalypse),,,255,255,255,10,10,10,255,417
Dagannoth Prime (PvM Arena),,,255,255,255,10,10,10,255,303
Dagannoth Rex,,,255,255,255,255,255,255,10,303
Dagannoth Rex (Deadman: Apocalypse),,,255,255,255,255,255,255,10,417
Dagannoth Rex (PvM Arena),,,255,255,255,255,255,255,10,303
Dagannoth Supreme,,,10,10,10,550,550,550,255,303
Dagannoth Supreme (Deadman: Apocalypse),,,10,10,10,550,550,550,255,385
Dagannoth Supreme (PvM Arena),,,10,10,10,550,550,550,255,303
Dagannoth fledgeling,,,0,0,0,0,0,0,0,70
Dagannoth mother,,,150,150,150,50,50,50,50,"100,201"
Dagannoth spawn,,,0,0,0,0,0,0,0,42
Damien Leucurte,,,30,30,30,30,30,30,30,204
Damis,,,"60,100","60,100","60,100","60,120","60,120","60,120","60,80","103,174,200,272"
Dark Ankou,,,0,0,0,0,0,0,0,95
Dark beast,,,100,30,40,100,100,100,90,182
Dark energy core,,,10,10,10,10,10,10,-5,75
Dark warrior,,,"59,40,139","96,10,106","79,20,109",0,0,0,0,"8,37,51,62,145"
Dark wizard,,,0,0,0,0,0,0,"3,5","7,11,20,22,23"
Dawn,,,0,0,0,0,0,0,80,228
Deadly red spider,,,7,15,16,16,16,16,12,34
Death spawn,,,20,20,20,20,20,20,0,46
Death wing,,,0,0,0,0,0,0,0,83
Deathly mage,,,0,0,0,0,0,0,0,
Deathly ranger,,,0,0,0,0,0,0,0,
Defiler,,,0,0,0,0,0,0,0,"33,50,66,67,80,97"
Delrith,,,0,0,0,0,0,0,0,27
Demon (Construction),,,0,0,0,0,0,0,-10,82
Demon of Balance,,,200,200,200,200,200,200,25,202
Demon of Darkness,,,200,200,200,200,200,200,25,202
Demon of Light,,,200,200,200,200,200,200,25,202
Demonic gorilla,Water,35,0,0,0,0,0,0,50,275
Deranged archaeologist,,,50,20,20,300,300,300,300,276
Derwen,,,200,200,200,200,200,200,-60,235
Derwen (Deadman: Apocalypse),,,200,200,200,200,200,200,-60,235
Desert Lizard,,,15,5,15,5,5,5,0,24
Desert Wolf,,,0,0,0,0,0,0,0,27
Dessourt,,,150,10,150,0,0,0,0,"121,217"
Dessous,,,150,10,150,0,0,0,0,"139,217"
Deviant spectre,,,80,80,80,85,85,85,0,169
Dharok the Wretched,Air,50,244,252,250,249,249,249,-11,115
Dharok the Wretched (Deadman: Apocalypse),,,244,252,250,249,249,249,-11,666
Dire Wolf,,,0,0,0,0,0,0,0,"88,72"
Disciple of Iban,,,0,0,0,0,0,0,0,13
Don't Know What,,,0,0,0,0,0,0,200,163
Donny the lad,,,10,9,8,0,0,0,0,34
Doomion,,,0,0,0,0,0,0,-10,91
Double agent,,,"3,20","3,20","3,20",0,0,0,0,"65,108,141"
Dragon impling,,,-10,-10,-10,-10,-10,-10,50,
Drake,Water,50,60,20,60,100,40,100,20,192
Druid,,,0,0,0,0,0,0,0,33
Drunken man,,,-21,-21,-21,-21,-21,-21,-21,3
Duck,,,-42,-42,-42,-42,-42,-42,-42,1
Duckling,,,-42,-42,-42,-42,-42,-42,-42,1
Duke,,,0,0,0,0,0,0,0,149
Duke Sucellus,No,Zero (scenery),"190,160","255,210","65,30,45","320,300","320,300","320,300","440,400","758,1,099,538"
Dungeon rat,,,0,0,0,0,0,0,0,12
Durial321,,,162,148,134,88,88,88,69,115
Dusk,,,0,0,0,0,0,0,0,"248,328"
Dust devil,,,0,0,0,0,0,0,0,"93,110"
Dwarf,,,0,0,0,"10,0","10,0","10,0",5,"7,10,11,20"
Dwarf gang member,,,0,7,7,7,7,7,0,"44,48,49"
Eadburg,,,-12,-12,-12,-12,-12,-12,-12,4
Earth Warrior Champion,,,0,0,0,0,0,0,0,102
Earth elemental,,,0,0,0,0,0,0,0,35
Earth impling,,,-10,-10,-10,-10,-10,-10,10,
Earth warrior,,,20,30,40,30,30,30,10,51
Earth warrior (RuneScape 2 Beta),,,,,,,,,,45
Earth wizard,,,0,0,0,0,0,0,15,13
Eclectic impling,,,-10,-10,-10,-10,-10,-10,10,
Eclipse Moon,,,100,0,100,500,500,500,500,329
Eduard,,,-21,-21,-21,-21,-21,-21,-21,24
Einar,,,0,0,0,0,0,0,0,1
Elder Chaos druid,,,0,0,0,0,0,0,0,129
Elf Archer,,,50,50,50,70,70,70,60,90
Elf Warrior,,,70,50,70,50,50,50,60,108
Elidinis' Warden,,,"70,20","70,40","70,40","70,20","70,20","70,20","-30,20","489,544"
Elvarg,,,40,20,40,20,20,20,30,"83,214"
Embertailed jerboa,,,-42,-42,-42,-42,-42,-42,-42,2
Enclave guard,,,19,13,24,0,0,0,0,83
Energy sprite,,,0,0,0,0,0,0,0,
Enormous Tentacle,,,0,0,0,270,270,270,-15,112
Enraged Boar,,,0,0,0,0,0,0,0,12
Enraged barbarian spirit,,,2,0,3,2,2,2,-3,166
Ent,,,70,50,70,30,30,30,40,"86,101"
Entrana firebird,,,-26,-26,-26,-26,-26,-26,-26,2
Essence impling,,,-10,-10,-10,-10,-10,-10,10,
Essyllt,,,20,40,40,120,120,120,30,"236,395"
Evelot,,,40,70,60,40,40,40,0,148
Evil Chicken,,,0,0,0,0,0,0,0,159
Evil Chicken (Recipe for Disaster),,,0,0,0,0,0,0,0,"159,286"
Evil Creature,,,0,0,0,0,0,0,0,1
Evil spirit,,,0,0,0,0,0,0,0,150
Experiment,,,0,0,0,0,0,0,0,"51,25"
Experiment No.2,,,60,45,70,55,55,55,60,109
Fareed,,,100,100,100,0,0,0,0,"167,299"
Farmer,,,0,0,0,0,0,0,0,7
Fear reaper,,,0,0,0,0,0,0,0,"42,55"
Feral Vampyre,,,0,0,0,0,0,0,0,"61,64,70,72,77,100,130"
Ferocious barbarian spirit,,,72,0,73,72,72,72,-3,166
Fever spider,,,10,20,15,15,15,15,15,49
Fire Warrior of Lesarkus,,,35,34,37,35,35,35,-7,84
Fire elemental,,,0,0,0,0,0,0,0,35
Fire giant,Water,100,"2,10","0,20","3,10","0,-10","0,-10","0,-10","0,50","86,104,109"
Fire wizard,,,0,0,0,0,0,0,15,13
Fiyr Shade,,,0,0,0,0,0,0,0,120
Flambeed,,,5,50,50,50,50,50,5,"149,238"
Flaming pyrelord,,,18,18,18,18,18,18,0,97
Flaming pyrelord (Deadman: Apocalyse),,,18,18,18,18,18,18,150,363
Flawed Golem,,,0,5,5,10,10,10,2,13
Flesh Crawler,,,15,15,15,15,15,15,15,"28,35,41"
Flight Kilisa,Air,30,0,0,0,0,0,0,0,159
Flockleader Geerin,Air,30,0,0,0,0,0,0,0,149
Flower,,,,,,,,,,
Flower (A Night at the Theatre),,,,,,,,,,
Foreman,,,1,0,1,0,0,0,0,23
Forester (Woodcutting Guild),,,5,4,3,0,0,0,0,15
Forgotten Soul,,,0,0,0,0,0,0,0,20
Forgotten Soul (Soul Wars),,,10,10,10,10,10,10,10,"46,76"
Fortress Guard,,,14,14,18,15,15,15,-4,20
Fox,,,30,30,30,30,30,30,30,19
Fragment of Seren,,,320,320,220,480,480,480,10,494
Freidir,,,0,0,0,0,0,0,0,48
Fremennik warband archer,,,0,0,0,50,50,50,75,104
Fremennik warband berserker,,,50,50,50,75,75,75,0,103
Fremennik warband seer,,,50,50,50,0,0,0,30,104
Frenzied ice troll female,,,30,30,60,0,0,0,0,82
Frenzied ice troll grunt,,,30,30,60,0,0,0,0,102
Frenzied ice troll male,,,30,30,60,0,0,0,0,82
Frenzied ice troll runt,,,30,30,60,0,0,0,0,74
Frog,,,0,0,0,0,0,0,0,5
Frogeel,,,0,0,0,0,0,0,0,103
Fumus,,,100,25,100,50,50,50,150,285
Gadderanks,,,10,10,10,10,10,10,10,35
Galina,,,-21,-21,-21,-21,-21,-21,-21,24
Galvek,,,140,80,140,86,86,86,280,608
Gang boss,,,10,0,0,0,0,0,0,"76,83"
Gangster,,,10,0,0,0,0,0,0,"45,50"
Gardener,,,0,0,0,0,0,0,0,"3,4"
Gargoyle,No,Zero (scenery),-20,50,60,20,-20,20,20,111
Gelatinnoth Mother,,,150,150,150,50,50,50,50,"201,130"
General Danknuck,,,,,,,,,,90
General Graardor,,,90,90,90,90,90,90,298,624
General Graardor (Deadman: Apocalypse),,,90,90,90,90,90,90,201,624
General Graardor (PvM Arena),,,90,90,90,90,90,90,298,624
General Khazard,,,0,0,0,0,0,0,0,142
Georgy,,,-21,-21,-21,-21,-21,-21,-21,24
Ghast,,,0,0,0,0,0,0,0,"30,79,109,139"
Ghost,Air,50,5,"5,45,55","5,45,55","5,45,55","5,45,55","5,45,55","-5,55","19,29,76,77"
Ghost (Grave of Scorpius),,,0,0,0,0,0,0,0,24
Ghost (Lassar Undercity),,,0,0,0,0,0,0,0,105
Ghost (Melzar's Maze),,,5,5,5,5,5,5,-5,19
Ghoul,,,0,0,0,0,0,0,0,42
Ghoul Champion,,,0,0,0,0,0,0,0,85
Giant Champion,,,0,0,0,0,0,0,0,56
Giant Mole,Water,50,100,60,80,60,60,60,80,230
Giant Mole (PvM Arena),Water,50,100,60,80,60,60,60,80,230
Giant Roc,,,0,0,0,0,0,0,150,"172,257"
Giant Rock Crab,,,175,225,200,250,250,250,"-10,10",137
Giant Scarab,,,99,70,99,149,149,149,159,"191,316"
Giant Sea Snake,,,0,0,0,0,0,0,0,149
Giant bat,,,12,10,10,8,8,8,10,27
Giant bat (Brine Rat Cavern),,,12,10,10,8,8,8,10,27
Giant crypt rat,,,0,0,0,0,0,0,0,76
Giant crypt spider,,,10,20,20,20,20,20,17,79
Giant frog,,,0,0,0,0,0,0,0,"13,99"
Giant goblin,,,-15,-15,-15,-15,-15,-15,-15,347
Giant lobster,,,15,30,30,70,70,70,99,45
Giant lobster (Ghosts Ahoy),,,5,5,15,5,5,5,0,32
Giant mosquito,,,5,2,2,0,0,0,2,13
Giant rat,,,0,0,0,0,0,0,0,"3,6,26"
Giant rat (Scurrius),,,0,0,0,0,0,0,0,46
Giant rat (Tutorial Island),,,-100,-100,-100,-100,-100,-100,0,3
Giant rockslug,,,0,0,0,0,0,0,0,86
Giant skeleton (Shadow Dungeon),,,0,0,0,0,0,0,0,80
Giant skeleton (Tarn's Lair),,,0,50,40,40,40,40,0,100
Giant snail,,,0,0,0,0,0,0,0,"80,109,139"
Giant spider,Fire,50,"-10,0,10","-10,0,10","-10,0,10","-10,0,10","-10,0,10","-10,0,10","-10,0,10","2,27,50"
Glacies,,,25,100,100,50,50,50,150,285
Glod,,,130,105,110,100,100,100,125,"138,276"
Glough,,,0,0,0,0,0,0,0,431
Glowing crystal,,,180,-5,180,0,0,0,0,
Gnome,,,-42,-42,-42,-42,-42,-42,-42,"1,3"
Gnome Archer,,,-30,-30,-30,-30,-30,-30,-30,5
Gnome Driver,,,-30,-30,-30,-30,-30,-30,-30,5
Gnome Mage,,,-30,-30,-30,-30,-30,-30,-30,5
Gnome child,,,-42,-42,-42,-42,-42,-42,-42,1
Gnome guard,,,"0,7","0,8","0,9","0,8","0,8","0,8",0,23
Gnome troop,,,5,3,4,4,4,4,2,"1,3"
Gnome woman,,,-42,-42,-42,-42,-42,-42,-42,1
Goat,,,0,10,10,10,10,10,0,23
Goblin,,,"-15,0,8","-15,0,4","-15,0,6","-15,0,4","-15,0,4","-15,0,4","-15,0,4","2,5,13"
Goblin (Goblin Village),,,0,0,0,0,0,0,0,5
Goblin (God Wars Dungeon),,,0,0,0,0,0,0,0,"12,13,15,17"
Goblin (Vault of War),,,"0,8,18","0,4,14","0,6,16","0,4,14","0,4,14","0,4,14","0,4,14","5,11,13,16,25"
Goblin (historical),,,,,,,,,,5
Goblin Champion,,,0,0,0,0,0,0,0,24
Goblin guard,,,6,4,6,0,0,0,0,42
Goblin lieutenant,,,,,,,,,,75
Goblin raider,,,,,,,,,,"4,30,50"
Golem (Zalcano),,,,,,,,,,64
Golem (unused NPC),,,,,,,,,,55
Gorad,,,21,15,27,0,0,0,0,68
Gorak,,,0,0,0,0,0,0,0,"145,149"
Gourmet impling,,,-10,-10,-10,-10,-10,-10,10,
Grave scorpion,,,3,0,3,0,0,0,0,12
Great Olm,,,"200,50","200,50","200,50","50,200","50,200","50,200","200,50","1,043,750,549"
Greater Nechryael,,,50,50,50,50,50,50,0,200
Greater Skeleton Hellhound (Calvar'ion),,,15,95,101,184,184,184,156,139
Greater Skeleton Hellhound (Vet'ion),,,20,150,163,275,275,275,210,231
Greater abyssal demon,,,50,50,50,50,50,50,0,342
Greater abyssal demon (Deadman: Apocalypse),,,50,50,50,50,50,50,0,429
Greater demon,Water,40,0,0,0,0,0,0,-10,"92,100,101,104,113"
Greater demon (20th Anniversary event),,,,,,,,,,
Green Guard,,,,,,,,,,19
Green dragon,Water,50,40,10,40,50,15,50,30,"79,88"
Grey golem,,,300,300,1,300,300,300,300,75
Grimy Lizard,,,50,35,15,35,35,35,50,50
Grip,,,22,16,27,0,0,0,0,22
Grizzly bear,,,0,0,0,0,0,0,0,"21,42"
Grizzly bear (Escape Caves),,,0,0,0,0,0,0,0,83
Grizzly bear cub,,,0,0,0,0,0,0,0,"33,36"
Growler,,,14,12,14,5,5,5,18,139
Growthling,,,0,0,0,0,0,0,0,37
Guard,,,"19,14,5,25","18,13,5,24","25,17,5,30,14","20,15,5,25,16","20,15,5,25,16","20,15,5,25,16","-4,-9,4","21,22,19,20"
Guard (Another Slice of H.A.M.),,,,,,,,,,22
Guard (Burthorpe),,,50,36,48,38,38,38,-4,37
Guard (Cave goblin),,,19,"1,0","16,15",12,12,12,-3,"26,24"
Guard (Deadman Mode),,,7,8,9,8,8,8,0,"1,337"
Guard (Death to the Dorgeshuun),,,0,7,7,7,7,7,0,22
Guard (Desert Mining Camp),,,19,17,15,19,19,19,-3,45
Guard (Doric's hut),,,5,5,5,5,5,5,-4,19
Guard (H.A.M. Storerooms),,,0,7,7,7,7,7,0,22
Guard (Hosidius),,,5,5,5,5,5,5,-4,"22,19"
Guard (Port Sarim Jail),,,19,18,25,20,20,20,-4,21
Guard (Prifddinas),,,70,50,70,50,50,50,60,108
Guard (Ranging Guild),,,27,18,23,19,19,19,10,37
Guard (Shayzien),,,19,24,14,16,16,16,4,21
Guard (Varlamore),,,19,18,25,20,20,20,-4,21
Guard (dwarf),,,4,3,4,3,3,3,2,10
Guard (unused),,,,,,,,,,22
Guard Bandit,,,5,4,8,4,4,4,1,22
Guard dog,,,0,0,0,0,0,0,0,44
Guard dog (Construction),,,0,0,0,0,0,0,0,44
Guardian (Chambers of Xeric),,,-10,80,180,0,0,0,0,
Guardian Drake,Water,50,100,60,100,150,150,150,20,386
Guardian of Armadyl,,,50,43,55,51,51,51,-12,"45,43"
Gunthor the brave,,,10,12,14,11,11,11,-1,29
Guthan the Infested,Air,50,241,259,257,250,250,250,-11,115
H.A.M. Archer,,,0,5,5,5,5,5,0,30
H.A.M. Guard,,,0,"5,6,7","5,6,7","5,6,7","5,6,7","5,6,7",0,"12,18,22"
H.A.M. Mage,,,0,5,5,5,5,5,0,30
Halla (Miscellania),,,0,0,0,0,0,0,0,1
Harpie Bug Swarm,,,10,10,5,10,10,10,5,46
Hazeel Cultist,,,8,5,6,0,0,0,0,13
Head (Temple Trekking),,,0,0,0,0,0,0,0,140
Head Guard,,,18,16,16,27,27,27,-12,84
Head Menaphite Guard,,,30,10,30,50,50,50,0,174
Head Thief,,,15,8,14,9,9,9,4,26
Headless Beast,,,18,18,18,52,52,52,6,"82,233"
Hellhound,"Water,Unknown","Unknown,50",0,0,0,0,0,0,0,"122,127,136"
Hellhound (Construction),,,0,0,0,0,0,0,0,122
Hengel,,,-21,-21,-21,-21,-21,-21,-21,2
Hero,,,76,87,84,79,79,79,-10,69
Hespori,Fire,100,60,60,20,80,80,80,80,284
Hespori (A Night at the Theatre),,,60,60,20,80,80,80,80,302
Highwayman,,,2,0,3,2,2,2,0,5
Hill Giant,,,0,0,0,0,0,0,0,28
Hill Giant (Giants' Plateau),,,0,0,0,0,0,0,0,28
Hill Giant (Kourend),,,0,0,0,0,0,0,0,28
Hill Giant (Varlamore),,,0,0,0,0,0,0,0,28
Hobgoblin,,,0,"0,1","0,1",0,0,0,0,"28,42,47"
Hobgoblin Champion,,,0,0,0,0,0,0,0,56
Hobgoblin guard,,,0,1,1,0,0,0,0,54
Holthion,,,0,0,0,0,0,0,-10,91
Hoop Snake,,,0,0,0,0,0,0,0,19
Hopeless creature,,,0,0,0,0,0,0,0,"40,71"
Huge spider,,,0,0,0,0,0,0,0,81
Husk,,,20,20,20,80,80,80,80,48
Husk (Phosani's Nightmare),,,20,20,20,80,80,80,80,104
Hydra,,,160,160,160,0,0,0,160,194
Hygd,,,-12,-12,-12,-12,-12,-12,-12,4
Ice Queen,,,20,30,40,30,30,30,10,111
Ice Troll King,,,45,45,45,2000,2000,2000,"2,000","122,213"
Ice demon,Fire,150,110,70,70,140,140,140,60,
Ice giant,Fire,100,2,0,3,0,0,0,0,"53,67"
Ice spider,,,12,20,17,13,13,13,13,61
Ice troll,Fire,100,30,30,60,0,0,0,0,"120,121,123,124"
Ice troll female,Fire,100,30,30,60,0,0,0,0,82
Ice troll grunt,,,30,30,60,0,0,0,0,100
Ice troll male,Fire,100,30,30,60,0,0,0,0,82
Ice troll runt,Fire,50,30,30,60,0,0,0,0,74
Ice warrior,Fire,100,20,30,40,30,30,30,10,57
Ice wolf,,,0,0,0,0,0,0,0,"96,132"
Icefiend,Fire,100,0,0,0,0,0,0,0,"13,18"
Icelord,,,0,0,0,0,0,0,0,51
Imp,,,-42,-42,-42,-42,-42,-42,-42,"2,7"
Imp (unused),,,,,,,,,,3
Imp Champion,,,0,0,0,0,0,0,0,14
Imre,,,-21,-21,-21,-21,-21,-21,-21,24
Infernal Mage,,,0,0,0,0,0,0,40,66
Infernal pyrelord,,,18,18,18,18,18,18,0,134
Insatiable Bloodveld,,,0,0,0,0,0,0,0,202
Insatiable mutated Bloodveld,,,0,0,0,0,0,0,0,278
Invrigar the Necromancer,,,0,0,0,0,0,0,3,20
Iorwerth Archer,,,50,50,50,70,70,70,60,90
Iorwerth Warrior,,,70,50,70,50,50,50,60,108
Irina,,,-21,-21,-21,-21,-21,-21,-21,24
Iron dragon,Earth,50,70,20,70,90,65,90,30,"189,215"
Irvig Senay,,,29,27,31,29,29,29,-1,100
Ithoi the Navigator,,,0,0,0,0,0,0,0,"35,103"
Jackal,,,0,0,0,0,0,0,0,21
Jaguar,,,0,0,0,0,0,0,0,67
Jaguar cub,,,0,0,0,0,0,0,0,31
Jaguar warrior,,,30,30,30,45,45,45,15,234
Jail guard,,,10,8,9,9,9,9,4,26
Jailer,,,47,79,63,0,0,0,0,47
Jake,,,0,0,0,0,0,0,0,37
Jal-Ak,,,25,25,25,25,25,25,25,165
Jal-AkRek-Ket,,,25,25,25,0,0,0,0,70
Jal-AkRek-Mej,,,0,0,0,0,0,0,25,70
Jal-AkRek-Xil,,,0,0,0,25,25,25,0,70
Jal-ImKot,,,65,65,65,50,50,50,30,240
Jal-ImKot (Deadman: Apocalypse),,,65,65,65,50,50,50,30,240
Jal-MejJak,,,0,0,0,0,0,0,0,250
Jal-MejRah,,,30,30,30,45,45,45,-20,85
Jal-Nib,,,-20,-20,-20,-20,-20,-20,-20,32
Jal-Xil,,,0,0,0,0,0,0,0,370
Jal-Zek,,,0,0,0,0,0,0,0,490
JalTok-Jad,,,0,0,0,0,0,0,0,900
Javelin Colossus,,,15,15,15,30,30,30,20,278
Jeff,,,-10,-10,-10,-10,-10,-10,-10,2
Jelly,,,0,0,0,0,0,0,0,78
Jennella,,,0,0,0,0,0,0,0,48
Jhallan,,,200,200,200,200,200,200,300,491
Jogre,,,0,0,0,0,0,0,0,"53,58"
Jogre Champion,,,0,0,0,0,0,0,0,107
Jonny the beard,,,0,0,0,0,0,0,0,2
The Jormungand,,,10,50,50,50,50,50,50,363
Joseph,,,-21,-21,-21,-21,-21,-21,-21,24
Jubbly bird,,,0,0,0,0,0,0,0,9
Jubster,,,0,0,0,0,0,0,0,87
Judge of Yama,,,40,40,40,600,600,600,600,168
Jungle Demon,,,0,0,50,0,0,0,50,"195,327"
Jungle Wolf,,,0,0,0,0,0,0,0,64
Jungle horror,,,0,0,0,0,0,0,0,70
Jungle spider,,,10,20,20,20,20,20,17,44
Jungle spider (Ape Atoll),,,0,0,0,0,0,0,0,37
Justiciar Zachariah,,,200,200,200,200,200,200,-60,348
Justiciar Zachariah (Deadman: Apocalypse),,,200,200,200,200,200,200,-60,348
K'ril Tsutsaroth,Water,30,80,80,80,80,80,80,130,650
K'ril Tsutsaroth (Deadman: Apocalypse),,,80,80,80,80,80,80,130,650
K'ril Tsutsaroth (PvM Arena),,,80,80,80,80,80,80,130,650
Kalphite Guardian,,,5,25,25,50,50,50,50,141
Kalphite Queen,,,"10,100","50,100","50,100","100,10","100,10","100,10","100,10",333
Kalphite Queen (PvM Arena),,,"10,100","50,100","50,100","100,10","100,10","100,10","100,10",333
Kalphite Soldier,,,5,25,25,50,50,50,50,85
Kalphite Worker,,,1,5,5,10,10,10,10,28
Kalphite soldier (Construction),,,5,25,25,50,50,50,50,85
Kalrag,,,12,20,17,13,13,13,13,89
Kamil,,,35,35,60,0,0,0,0,"154,273"
Karamel,,,150,150,150,150,150,150,150,"136,186"
Karil the Tainted,Air,50,90,79,71,100,100,100,106,98
Kasonde,,,30,30,30,50,50,50,250,231
Kasonde the Craven,,,30,30,30,50,50,50,250,221
Kebbit (Eagles' Peak),,,0,0,0,0,0,0,0,13
Keef,,,50,50,50,0,0,0,0,178
Kephri,Fire,"40,35",100,60,300,300,300,300,200,341
Ket-Zek,,,0,0,0,0,0,0,0,360
Ketla the Unworthy,,,80,60,30,70,70,70,200,236
Khazard Guard,,,30,44,38,0,0,0,0,23
Khazard Ogre,,,0,0,0,0,0,0,0,63
Khazard Scorpion,,,15,5,15,5,5,5,0,44
Khazard commander,,,0,0,0,0,0,0,0,48
Khazard trooper,,,29,33,34,33,33,33,-7,19
Khazard warlord,,,0,0,0,0,0,0,0,"112,192"
Killerwatt,,,10,10,10,-10,-10,-10,20,55
King Black Dragon,Water,50,90,60,90,70,50,70,80,276
King Black Dragon (Deadman: Apocalypse),,,90,70,90,70,70,70,80,278
King Black Dragon (PvM Arena),,,90,70,90,70,70,70,80,276
King Roald,,,0,0,0,0,0,0,0,"47,188"
King Sand Crab,,,0,0,0,0,0,0,0,107
King Scorpion,,,15,5,15,5,5,5,0,32
King Scorpion (20th Anniversary event),,,,,,,,,,
King black dragon (20th Anniversary event),,,,,,,,,,
King kurask,,,50,0,50,0,0,0,0,295
Knight of Ardougne,,,36,39,40,36,36,36,-11,46
Knight of Ardougne (Song of the Elves),,,"25,40","5,20","25,40","5,20","5,20","5,20","15,30","27,53"
Knight of Ardougne (unused),,,,,,,,,,46
Knight of Saradomin,,,"13,7","12,10","14,10",13,13,13,0,"101,103"
Knight of Varlamore,,,36,39,40,36,36,36,-11,46
Knight of Varlamore (Twilight's Promise),,,10,28,26,20,20,20,5,81
Kob,,,90,85,85,200,200,200,200,185
Kolodion,,,0,0,0,"unknown,0","unknown,0","unknown,0",0,112
Koschei the deathless,,,"20,40,60,0","20,40,60,0","20,40,60,0","20,40,60,0","20,40,60,0","20,40,60,0","20,40,60,0",
Kraka,,,40,25,25,200,200,200,200,91
Kraken,,,0,0,0,300,300,300,130,291
Kree'arra,Air,30,180,180,180,200,200,200,200,580
Kree'arra (Deadman: Apocalypse),,,180,180,180,200,200,200,200,580
Kree'arra (PvM Arena),,,180,180,180,200,200,200,200,580
Kroy,,,50,50,50,50,50,50,50,133
Kruk,,,100,100,100,100,100,100,250,207
Ksenia,,,-21,-21,-21,-21,-21,-21,-21,24
Kurask,,,20,0,20,0,0,0,0,106
Lanzig,,,0,0,0,0,0,0,0,48
Large mosquito,,,5,2,2,0,0,0,2,13
Lava beast,,,,,,,,,,
Lava dragon,Water,50,90,20,90,70,65,70,80,252
Leech,,,0,0,0,0,0,0,0,52
Lensa,,,0,0,0,0,0,0,0,48
Leon d'Cour,,,0,0,0,0,0,0,0,141
Lesser Demon Champion,,,0,0,0,0,0,0,0,162
Lesser demon,Water,40,0,0,0,0,0,0,-10,"82,87,94"
Lesser demon (20th Anniversary event),,,,,,,,,,
Lesser demon (Melzar's Maze),,,0,0,0,0,0,0,-10,82
Lesser demon (The Scar),,,0,0,0,0,0,0,0,"39,94,82"
Lev,,,-21,-21,-21,-21,-21,-21,-21,24
The Leviathan,No,Zero (scenery),"230,180","260,200","190,150",50,25,50,"280,220","1,157,798,593"
Liliya,,,-21,-21,-21,-21,-21,-21,-21,24
Lizard,,,15,5,15,5,5,5,0,42
Lizard man (20th Anniversary event),,,,,,,,,,
Lizardman,No,Zero (scenery),"0,5",-20,"25,20",0,0,-10,0,"53,62"
Lizardman brute,No,Zero (scenery),10,-20,30,0,0,-10,0,75
Lizardman shaman,No,Zero (scenery),30,-20,40,0,0,-10,50,150
Lizardman shaman (Chambers of Xeric),,,150,102,160,0,0,0,160,
Loar Shade,,,0,0,0,0,0,0,0,40
Lobstrosity,,,15,30,50,70,70,70,99,68
Locust,,,0,0,0,0,0,0,0,18
Locust rider,,,"50,40","50,90",90,"66,0","66,0","66,0","34,0","98,68,106"
Long-tailed Wyvern,,,70,70,70,120,120,120,140,152
Lost barbarian,,,0,0,0,0,0,0,0,132
Lucien,,,7,6,8,4,4,4,-1,14
Lucky impling,,,-10,-10,-10,-10,-10,-10,50,
Lynx,,,0,0,0,0,0,0,0,"21,24"
Lynx Tamer,,,19,24,14,16,16,16,4,21
Magic axe,,,15,10,5,10,10,10,5,42
Magpie impling,,,-10,-10,-10,-10,-10,-10,30,
Malevolent Mage,,,0,0,0,0,0,0,75,162
Malevolent Mage (Deadman: Apocalypse),,,0,0,0,0,0,0,300,286
Mammoth,,,0,0,0,0,0,0,0,80
Mammoth (unused NPC),,,,,,,,,,41
Man,,,"-21,0","-21,0","-21,0","-21,0","-21,0","-21,0","-21,0",2
Man (Canifis),,,,,,,,,,24
Man (East Ardougne),,,-21,-21,-21,-21,-21,-21,-21,2
Man (level 4),,,1,1,1,0,0,0,0,4
Maniacal Monkey Archer,,,0,0,0,0,0,0,0,132
Maniacal monkey,,,0,0,0,0,0,0,0,140
Manticore,,,0,0,0,25,25,25,10,320
Marble gargoyle,,,0,50,50,50,50,50,50,349
Market Guard,,,50,50,50,50,50,50,50,48
Market Guard (Draynor),,,19,24,14,16,16,16,4,20
Me,,,0,0,0,0,0,0,0,"79,201"
Medium Barrier,,,0,0,0,0,0,0,0,
Melzar the Mad,,,0,0,0,0,0,0,0,43
Menaphite Akh,,,30,5,30,180,180,180,280,351
Menaphite Shadow,,,30,5,30,180,180,180,280,147
Menaphite Thug,,,10,9,8,0,0,0,0,55
Mercenary,,,19,17,15,19,19,19,-3,45
Mercenary Captain,,,19,17,15,19,19,19,-3,47
Milla,,,-21,-21,-21,-21,-21,-21,-21,24
The Mimic,,,150,160,165,145,145,145,30,186
Mind Golem,,,0,5,5,10,10,10,2,30
Minotaur,,,"-21,-10","-21,-10","-21,-10","-21,-10","-21,-10","-21,-10",-21,"12,27"
Minotaur (Fortis Colosseum),,,0,0,0,12,12,12,0,318
Mithril dragon,Earth,50,70,20,100,90,65,90,30,304
Mogre,,,0,0,0,0,0,0,0,60
Molanisk,,,35,45,45,55,55,55,30,51
Monk,,,0,0,0,0,0,0,0,"3,5"
Monk of Zamorak,,,0,0,0,0,0,0,0,"17,22,23,30,45"
Monkey (monster),,,0,0,0,0,0,0,0,3
Monkey Archer,,,0,0,0,0,0,0,0,86
Monkey Guard,,,0,0,0,0,0,0,0,167
Monkey Guard (ninja),,,0,0,0,0,0,0,0,149
Monkey Zombie,,,0,0,0,0,0,0,0,"82,98,129"
Monster,,,,,,,,,,
Monstrous Basilisk (The Fremennik Exiles),,,0,35,35,0,0,0,35,135
Monstrous basilisk,,,0,35,35,0,0,0,35,135
Moonlight Cockatrice,,,0,14,14,0,0,0,14,49
Mosquito swarm,,,5,2,2,0,0,0,2,"17,20"
Moss Guardian,,,0,0,0,0,0,0,0,84
Moss Guardian (Nightmare Zone),,,0,0,0,0,0,0,0,"84,182"
Moss giant,Fire,50,0,0,0,0,0,0,0,"42,48,84"
Mosschin,,,5,10,10,20,20,20,5,88
Mother,,,0,0,0,0,0,0,200,198
Mountain troll,Fire,50,10,0,0,200,200,200,200,"69,71"
Mounted terrorbird gnome,,,18,16,16,10,10,10,15,"31,49"
Mourner,,,"9,70","6,50","6,70","0,50","0,50","0,50","0,60","11,108"
Mourner (Song of the Elves),,,"25,40,60","5,20,40","25,40,60","5,20,40","5,20,40","5,20,40","15,30,50","24,51,106"
Mourner (boss),,,4,3,2,0,0,0,0,13
Mouse,,,65,30,55,60,60,60,50,95
Mudskipper,,,0,0,0,0,0,0,0,"30,31"
Mugger,,,0,0,0,0,0,0,0,6
Mummy,,,"30,100,90","90,100","90,100",0,0,0,"90,0","84,96,98,103"
Mummy (historical),,,,,,,,,,47
Mutated Bloodveld,,,0,0,0,0,0,0,0,123
Mutated Terrorbird,,,0,50,50,62,62,62,0,178
Mutated Tortoise,,,0,50,50,60,60,60,0,247
Muttadile,,,"50,60",-5,"72,82",0,0,0,"60,75",
Myre Blamish Snail,,,30,5,5,50,50,50,5,"9,10"
Mysterious Figure,,,60,20,40,20,20,20,30,271
Nagua,,,,,,,,,,
Nail beast,,,0,0,0,0,0,0,0,"69,98,141"
Narf,,,-5,-5,-5,-5,-5,-5,-5,2
Nature impling,,,-10,-10,-10,-10,-10,-10,20,
Nazastarool,,,"0,5","0,5","0,5","0,5","0,5","0,5","0,5","91,68,93,176,153,181"
Nechryael,,,20,20,20,20,20,20,0,115
Nechryarch,,,30,30,30,30,30,30,0,300
Necromancer,,,0,0,0,0,0,0,0,26
Necromancer (Great Kourend),,,8,8,8,0,0,0,4,68
Newtroost,,,0,0,0,0,0,0,0,19
Nex,No,Zero (scenery),60,40,140,190,150,190,300,"1,001"
Nezikchened,,,0,0,0,0,0,0,0,"187,295"
Night beast,,,200,75,80,200,200,200,190,374
Night beast (Deadman: Apocalypse),,,200,75,80,100,100,100,190,362
The Nightmare,,,40,120,180,600,600,600,600,814
Nikita,,,-21,-21,-21,-21,-21,-21,-21,24
Nikolai,,,-21,-21,-21,-21,-21,-21,-21,24
Ninja impling,,,-10,-10,-10,-10,-10,-10,40,
Nuclear smoke devil,,,0,0,0,80,80,80,850,280
Nylocas Athanatos,,,0,0,0,0,0,0,0,107
Nylocas Hagios,,,0,0,0,0,0,0,0,"162,260,46,82"
Nylocas Ischyros,,,0,0,0,0,0,0,0,"162,260,46,82"
Nylocas Matomenos,,,0,0,0,0,0,0,0,"115,68,138"
Nylocas Prinkipas,,,0,0,0,0,0,0,0,400
Nylocas Toxobolos,,,0,0,0,0,0,0,0,"162,260,46,82"
Nylocas Vasilias,,,0,0,0,0,0,0,0,"301,800"
Obelisk (Tombs of Amascut),,,70,70,70,60,60,60,50,
Obor,,,45,35,40,20,20,20,20,106
Ocga,,,-12,-12,-12,-12,-12,-12,-12,5
Ochre Blamish Snail,,,30,5,5,50,50,50,5,"10,15"
Ogre,,,"0,24","0,19","0,23",0,0,0,0,"53,58,63"
Ogre chieftain,,,16,10,21,0,0,0,0,81
Ogre shaman,,,0,0,0,0,0,0,0,113
Ogre shaman (Swan Song),,,0,0,0,0,0,0,0,113
Ogress Shaman,,,14,12,14,8,8,8,16,82
Ogress Warrior,,,12,10,12,16,16,16,14,82
Oipuis,,,0,0,0,0,0,0,0,149
Oomlie bird,,,0,0,0,0,0,0,0,46
Orc (20th Anniversary event),,,,,,,,,,
Orc (historical),,,,,,,,,,20
Ork,,,13,12,14,13,13,13,5,107
Oryx,,,0,0,0,0,0,0,0,15
Othainian,,,0,0,0,0,0,0,-10,91
Otherworldly being,,,20,15,10,15,15,15,-5,64
Ouhai,,,0,0,0,0,0,0,0,149
Outlaw,,,0,0,0,0,0,0,0,32
Overcharged Barrier,,,0,0,0,0,0,0,0,
Padulah,,,0,0,0,0,0,0,0,149
Painted Goblin,,,,,,,,,,11
Paladin,,,76,87,84,79,79,79,-10,62
Paladin (Song of the Elves),,,"40,76","20,87","40,84","20,79","20,79","20,79","30,-10","49,121"
Palmer,,,0,0,0,0,0,0,0,37
Parasite,,,"10,20","50,60","70,80","100,120","100,120","100,120","100,120","86,57"
Parasite (Phosani's Nightmare),,,"20,10","60,50","80,70","120,100","120,100","120,100","120,100","129,91"
Passionate Supporter,,,0,0,0,0,0,0,0,7
Pee Hat,,,40,25,25,200,200,200,200,91
Penance Fighter,,,0,0,0,0,0,0,0,"30,32,37,42,47,56,61,68,77"
Penance Healer,,,,,,,,,,
Penance Queen,,,0,0,0,0,0,0,0,209
Penance Ranger,,,0,0,0,0,0,0,0,"21,25,32,38,43,51,57,64,72"
Penance Runner,,,,,,,,,,
Penda,,,-12,-12,-12,-12,-12,-12,-12,5
Penguin (monster),,,0,0,0,0,0,0,0,2
Persten the Deceitful,,,70,70,70,20,20,20,200,264
Pestilent Bloat,,,"10,40","10,40","5,20",800,800,800,600,"312,870,1,044"
Phantom Hand,,,0,0,0,0,0,0,0,47
Phantom Muspah,,,120,185,134,"56,261","56,261","56,261","437,34",741
Pheasant,,,0,0,0,0,0,0,0,3
Phosani's Nightmare,,,40,120,180,600,600,600,600,"1,024"
Phrin Shade,,,0,0,0,0,0,0,0,60
Pirate,,,0,"3,0","2,1,0",0,0,0,0,"23,26,57"
Pirate Guard,,,30,30,39,0,0,0,0,19
Pit Scorpion,,,5,0,5,0,0,0,0,28
Plague frog,,,0,0,0,0,0,0,0,11
Poison Scorpion,,,15,5,15,5,5,5,0,20
Poison spider,,,10,20,17,14,14,14,14,"31,64"
Poison spider (Escape Caves),,,10,20,17,14,14,14,14,48
Poltenip,,,19,18,25,20,20,20,-4,21
Porazdir,,,200,200,200,200,200,200,-60,235
Porazdir (Deadman: Apocalypse),,,200,200,200,200,200,200,-60,235
Portal (Pest Control),,,"100,0","100,0","100,0","0,100","0,100","0,100","100,0",
Possessed Priest,,,90,90,0,0,0,0,0,91
Possessed pickaxe,,,5,15,10,10,10,10,5,50
Pyrefiend,Water,100,10,10,10,10,10,10,0,"43,48"
Pyrelord,,,10,10,10,10,10,10,0,60
Queen spawn,,,0,0,0,0,0,0,0,63
Rabbit,,,"-42,0","-42,0","-42,0","-42,0","-42,0","-42,0","-42,0","2,1"
Rabbit (Prifddinas),,,150,150,150,200,200,200,150,2
Radat,,,19,18,25,20,20,20,-4,21
Radiant sanguisphera,,,0,0,0,0,0,0,0,34
Ragnar (Miscellania),,,0,0,0,0,0,0,0,1
Ragnvald,,,-12,-12,-12,-12,-12,-12,-12,2
Ram,,,-21,-21,-21,-21,-21,-21,-21,2
Ranalph Devere,,,36,38,40,38,38,38,0,92
Ranis Drakan,,,60,60,60,60,60,60,60,233
Rannveig,,,-12,-12,-12,-12,-12,-12,-12,2
Rat,,,-42,-42,-42,-42,-42,-42,-42,1
Rat Boss Test NPC,,,,,,,,,,200
Ravager,,,0,0,0,0,0,0,0,"36,53,71,89,106"
Reanimated TzHaar,,,0,0,0,0,0,0,0,
Reanimated abyssal,,,20,20,20,20,20,20,0,
Reanimated aviansie,,,0,0,0,0,0,0,0,
Reanimated bear,,,0,0,0,0,0,0,0,
Reanimated bloodveld,,,0,0,0,0,0,0,0,
Reanimated chaos druid,,,0,0,0,0,0,0,0,
Reanimated dagannoth,,,0,0,0,0,0,0,0,
Reanimated demon,,,0,0,0,0,0,0,-10,
Reanimated demon spawn,,,0,0,0,0,0,0,-10,87
Reanimated dog,,,0,0,0,0,0,0,0,
Reanimated dragon,,,40,20,40,20,20,20,30,
Reanimated elf,,,40,5,20,50,50,50,60,
Reanimated giant,,,0,0,0,0,0,0,0,
Reanimated goblin,,,-15,-15,-15,-15,-15,-15,-15,
Reanimated hellhound,,,0,0,0,0,0,0,0,
Reanimated horror,,,0,0,0,0,0,0,0,
Reanimated imp,,,-42,-42,-42,-42,-42,-42,-42,
Reanimated kalphite,,,5,25,25,50,50,50,50,
Reanimated minotaur,,,-21,-21,-21,-21,-21,-21,-21,
Reanimated monkey,,,0,0,0,0,0,0,0,
Reanimated ogre,,,0,0,0,0,0,0,0,
Reanimated scorpion,,,15,5,15,0,0,0,5,
Reanimated troll,,,10,0,0,200,200,200,200,
Reanimated unicorn,,,0,0,0,0,0,0,0,
Red dragon,Water,50,70,10,70,50,15,50,60,152
Red dragon (20th Anniversary event),,,,,,,,,,
Redeyes,,,5,10,10,20,20,20,5,121
Renegade knight,,,62,99,82,0,0,0,0,37
Repugnant spectre,,,120,120,120,115,115,115,0,335
Respiratory system,,,0,0,0,0,0,0,0,
Revenant cyclops,,,135,140,130,135,135,135,10,82
Revenant dark beast,,,155,153,152,158,158,158,70,120
Revenant demon,,,130,124,118,90,90,90,85,98
Revenant dragon,,,188,201,206,197,197,197,101,135
Revenant goblin,,,31,25,28,31,31,31,1,15
Revenant hellhound,,,142,138,140,140,140,140,62,90
Revenant hobgoblin,,,68,65,60,50,50,50,30,60
Revenant imp,,,0,0,0,0,0,0,5,7
Revenant knight,,,180,195,200,190,190,190,95,126
Revenant maledictus,,,188,201,206,231,231,231,101,397
Revenant ork,,,146,148,150,148,148,148,50,105
Revenant pyrefiend,,,50,45,40,10,10,10,15,52
River troll,,,0,0,0,0,0,0,0,"14,29,49,79,120,159"
Riyl Shade,,,0,0,0,0,0,0,0,80
Riyl shadow (Temple Trekking),,,0,0,0,0,0,0,0,80
Robert the Strong,,,60,140,180,860,860,860,940,224
Rock (Troll),,,35,35,60,200,200,200,200,111
Rock Crab,,,0,0,0,0,0,0,0,13
Rock Golem (monster),,,0,0,0,0,0,0,0,"14,29,49,79,120,159"
Rock lobster,,,50,100,100,150,150,150,50,127
Rockslug,,,0,0,0,0,0,0,0,29
Rocnar,,,0,0,0,0,0,0,0,97
Rogue,,,"11,0","6,0","9,0",0,0,0,0,"15,135"
Rooster,,,-42,-42,-42,-42,-42,-42,-42,"2,3"
Rowdy Guard,,,,,,,,,,43
Rowdy slave,,,0,0,0,0,0,0,0,10
Rune dragon,Earth,50,90,20,115,95,65,95,30,380
Rune dragon (Construction),Earth,50,90,20,115,95,65,95,30,380
Runite Golem,,,0,0,0,0,0,0,0,178
Rusty,,,-15,-15,-15,-15,-15,-15,-15,2
SAS Member,,,,,,,,,,11
Salarin the twisted,,,0,0,0,0,0,0,0,70
San Tojalon,,,20,18,22,20,20,20,-1,106
Sand Crab,,,0,0,0,0,0,0,0,15
Sand Snake,,,0,0,0,0,0,0,0,"36,154"
Sarachnis,,,10,60,40,300,300,300,150,318
Saradomin priest,,,13,12,14,13,13,13,5,113
Saradomin wizard,,,0,0,0,0,0,0,30,108
Scarab (Tombs of Amascut),,,0,0,0,0,0,0,0,56
Scarab Mage,Fire,50,"90,20","40,0","90,20",0,0,0,"34,30","66,93,119"
Scarab Swarm,Fire,50,5,90,90,90,90,90,90,98
Scarab Swarm (Beneath Cursed Sands),,,-100,-100,-100,-100,-100,-100,-100,98
Scarab Swarm (Tombs of Amascut),,,-100,-100,-100,-100,-100,-100,-100,8
Scarabs,,,15,15,15,15,15,15,15,92
Scarred black demon,,,0,0,0,0,0,0,-10,176
Scarred greater demon,,,0,0,0,0,0,0,-10,"95,113"
Scarred hellhound,,,0,0,0,0,0,0,0,101
Scarred imp,,,0,0,0,0,0,0,0,19
Scarred lesser demon,,,0,0,0,0,0,0,0,"85,121"
Scavenger beast,,,0,0,0,0,0,0,0,
Scavenger runt,,,,,,,,,,
Scion,,,0,0,0,0,0,0,-10,100
Scorpia,,,284,246,284,284,284,284,44,225
Scorpia's guardian,,,0,0,0,0,0,0,0,47
Scorpia's offspring (monster),,,0,0,0,0,0,0,-40,15
Scorpion,,,"15,0","5,35,0","15,0","5,35,0,55","5,35,0,55","5,35,0,55","0,30","14,37,38,59"
Scorpion (20th Anniversary event),,,,,,,,,,
Screaming banshee,,,13,13,13,13,13,13,0,70
Screaming twisted banshee,,,25,25,25,25,25,25,0,144
Scurrius,,,20,20,20,20,20,20,10,"200,250"
Sea Snake Hatchling,,,0,0,0,0,0,0,0,62
Sea Snake Young,,,0,0,0,0,0,0,0,90
Sea Troll Queen,,,40,20,40,0,0,0,40,170
Sea troll,,,0,0,0,0,0,0,0,"65,79,87,101"
Seagull,,,-42,-42,-42,-42,-42,-42,-42,"2,3"
Seagull (Icyene Graveyard),,,-42,-42,-42,-42,-42,-42,-42,3
Sergeant (Shayzien),,,18,16,16,27,27,27,-12,84
Sergeant Grimspike,,,0,0,0,0,0,0,0,142
Sergeant Steelwill,,,0,0,0,0,0,0,0,142
Sergeant Strongstack,,,0,0,0,0,0,0,0,141
Serpent shaman,,,30,30,30,50,50,50,15,161
Servant (Burthorpe),,,-12,-12,-12,-12,-12,-12,-12,5
Shade,,,0,0,0,0,0,0,0,"159,140"
Shade (Temple Trekking),,,0,0,0,0,0,0,0,140
Shadow,,,30,30,30,30,30,30,30,73
Shadow Hound,,,0,0,0,0,0,0,0,63
Shadow Keeper,,,0,0,0,0,0,0,0,131
Shadow Rift,,,,,,,,,,
Shadow Wyrm,Earth,50,100,20,100,20,20,20,50,267
Shadow spider,,,10,20,15,15,15,15,15,52
Shadow warrior,,,19,43,31,38,38,38,15,48
Shadow warrior (RuneScape 2 Beta),,,,,,,,,,48
Shaeded Beast,,,100,50,30,50,50,50,150,186
Shantay Guard,,,18,12,15,15,15,15,6,22
Shifter,,,0,0,0,0,0,0,0,"38,57,76,104,90"
Shipyard worker,,,0,0,0,0,0,0,0,11
Shockwave Colossus,,,15,15,15,35,35,35,5,239
Sigmund,,,0,0,0,0,0,0,0,"50,64"
Sir Bedivere,,,190,15,0,0,0,0,0,110
Sir Carl,,,76,87,84,79,79,79,-10,62
Sir Gawain,,,300,65,90,0,0,0,0,122
Sir Harry,,,76,87,84,79,79,79,-10,62
Sir Jerro,,,76,87,84,79,79,79,-10,62
Sir Kay,,,65,45,300,0,0,0,0,124
Sir Lancelot,,,300,300,85,0,0,0,0,127
Sir Leye,,,0,0,0,0,0,0,0,20
Sir Lucan,,,45,275,65,0,0,0,0,120
Sir Mordred,,,45,99,82,0,0,0,0,39
Sir Palomedes,,,50,250,250,0,0,0,0,118
Sir Pelleas,,,5,200,-5,0,0,0,0,112
Sir Tristram,,,225,0,0,0,0,0,0,115
Skeletal Mystic,No,Zero (scenery),75,155,155,115,75,115,140,
Skeletal Wyvern,,,90,140,90,140,140,140,80,140
Skeletal miner,,,-2,9,11,4,4,4,1,42
Skeleton,Air,35,"-5,-2","5,9","5,11","5,4","5,4","5,4","0,1","21,22,25,45"
Skeleton (Ape Atoll),,,0,0,0,0,0,0,0,142
Skeleton (Barrows),,,-5,5,5,5,5,5,0,77
Skeleton (Catacombs of Kourend),,,-5,5,5,5,5,5,0,22
Skeleton (Draynor Manor),,,-2,9,11,4,4,4,1,22
Skeleton (Forthos Ruin),,,-1,9,11,4,4,4,1,25
Skeleton (Melzar's Maze),,,-2,9,11,4,4,4,1,22
Skeleton (Shayzien Crypts),,,"25,15,35","25,15,35","20,10,30","30,20,10","30,20,10","30,20,10","10,30,20",132
Skeleton (Stronghold of Security),,,"-5,20","35,79","35,31","35,70","35,70","35,70","0,5","60,68,85"
Skeleton (Tarn's Lair),,,0,50,40,40,40,40,0,"40,42,59,63,72,77,81,87"
Skeleton (The Restless Ghost),,,-5,5,5,5,5,5,0,13
Skeleton (mage),,,0,50,40,40,40,40,0,94
Skeleton Champion,,,0,0,0,0,0,0,0,40
Skeleton Hellhound,,,0,0,0,0,0,0,0,"97,198"
Skeleton Hellhound (Calvar'ion),,,10,76,73,155,155,155,126,115
Skeleton Hellhound (Vet'ion),,,10,101,103,266,266,266,180,194
Skeleton Mage,,,0,0,0,0,0,0,"0,15","16,83"
Skeleton brute,,,2,0,3,2,2,2,-3,132
Skeleton fremennik,,,15,14,18,15,15,15,-4,"40,50,60"
Skeleton guard,,,-2,9,11,4,4,4,1,22
Skeleton heavy,,,2,0,3,2,2,2,-3,132
Skeleton hero,,,2,0,3,2,2,2,-3,149
Skeleton thug,,,2,0,3,2,2,2,-3,132
Skeleton warlord,,,2,0,3,2,2,2,-3,132
Skoblin,,,5,10,10,20,20,20,5,29
Skogre,,,0,0,0,0,0,0,0,44
Skotizo,,,80,80,80,130,130,130,130,321
Skraeling (Etceteria),,,-12,-12,-12,-12,-12,-12,-12,2
Skraeling (Miscellania),,,-12,-12,-12,-12,-12,-12,-12,2
Slagilith,,,5,50,50,50,50,50,5,"92,202"
Slash Bash,,,30,30,30,0,0,0,0,111
Sleepwalker (Phosani's Nightmare),,,-100,-100,-100,-100,-100,-100,-100,3
Sleepwalker (monster),,,-100,-100,-100,-100,-100,-100,-100,3
Slug Prince,,,30,30,30,99,99,99,99,62
Small Lizard,,,5,0,5,0,0,0,0,12
Smoke devil,,,0,0,0,44,44,44,600,160
Smokedevil,,,,,,,,,,93
Snailfeet,,,5,10,10,20,20,20,5,56
Snake,,,0,0,0,0,0,0,0,5
Snake (Ape Atoll),,,0,0,0,0,0,0,0,24
Snake (Mos Le'Harmless),,,0,0,0,0,0,0,0,35
Snake (Varlamore),,,0,0,0,0,0,0,0,5
Snake (desert),,,0,0,0,0,0,0,0,5
Snakeling,,,-40,-40,-40,-40,-40,-40,-40,90
Snothead,,,5,10,10,20,20,20,5,32
Sofiya,,,-21,-21,-21,-21,-21,-21,-21,24
Sol Heredit,,,30,65,5,825,825,825,750,"1,563"
Soldier (Burthorpe),,,21,15,23,14,14,14,6,48
Soldier (Shayzien),,,19,24,14,16,16,16,4,21
Soldier (Yanille),,,19,24,14,16,16,16,-4,28
Soldier (tier 1),,,0,0,0,-1,-1,-1,0,39
Soldier (tier 2),,,0,0,0,0,0,0,0,48
Soldier (tier 3),,,0,0,0,-1,-1,-1,0,58
Soldier (tier 4),,,0,1,1,0,0,0,0,70
Soldier (tier 5),,,0,0,0,0,0,0,0,99
Soldier Scarab,Fire,50,30,15,250,250,250,250,10,89
Solus Dellagar,,,,,,,,,,
Sorebones,,,0,0,0,0,0,0,0,57
Sotetseg,,,"30,70","30,70","30,70","120,150","120,150","120,150","10,30","336,995,1,195"
Soulless,,,0,0,0,0,0,0,0,18
Sourhog,,,10,0,30,0,0,0,30,37
Sourhog (A Porcine of Interest),,,10,0,30,0,0,0,30,37
Spawn,,,0,0,0,0,0,0,-10,60
Spawn (Dragon Slayer II),,,15,5,15,5,5,5,0,100
Spawn of Sarachnis,,,"50,20",50,50,"0,150","0,150","0,150","150,-10","68,107"
Speedy Keith,,,10,9,8,0,0,0,0,34
Spider,Fire,50,"-53,53","-53,53","-53,53","-53,53","-53,53","-53,53","-53,53","1,24"
Spider (Ape Atoll),,,0,0,1,0,0,0,1,1
Spider (Ungael),,,10,20,20,20,20,20,17,35
Spider (araxyte),,,20,60,60,180,180,180,20,"87,123"
Spidine,,,0,0,0,0,0,0,0,42
Spiked Turoth,,,40,0,40,0,0,0,0,244
Spindel,,,10,70,70,103,103,103,205,302
Spindel's Spiderling,,,0,0,0,0,0,0,0,12
Spinner,,,0,0,0,0,0,0,0,"36,55,74,88,92"
Spinolyp,,,100,100,100,"unknown,50","unknown,50","unknown,50",50,"34,76"
Spiritual mage,"Fire,None","200,Zero (scenery)","0,3,13,5,420","0,8,12,9,420","0,7,14,12,400","0,2,13,28","0,2,13,28","0,2,13,28","0,16,35,45,200","121,120,123,182"
Spiritual ranger,"Fire,None","200,Zero (scenery)","0,13,8,20","0,3,12,17,20","0,5,14,16","0,23,13,41,50","0,23,13,41,50","0,23,13,41,50","0,16,5,35,300","118,122,115,127,158"
Spiritual warrior,"Fire,None","200,Zero (scenery)","0,13,80","0,12,23,100","0,14,25,100","0,13,35,250","0,13,35,250","0,13,35,250","0,5,35","115,125,134,123,158"
Spitting Scarab,Fire,50,30,15,250,125,125,125,250,89
Spitting Wyvern,,,70,70,70,120,120,120,140,139
Splatter,,,0,0,0,0,0,0,0,"22,33,44,54,65"
Stag,,,0,0,0,0,0,0,0,15
Starlight,,,13,12,14,13,13,13,5,149
Steel dragon,Earth,50,70,20,70,90,65,90,30,"246,274"
Steel dragon (Construction),Earth,50,70,20,70,90,65,90,30,246
Stick,,,50,30,30,200,200,200,200,104
Stone Guardian,,,"35,15,0","25,40,10","25,40,10","0,40,25","0,40,25","0,40,25","35,55,10",124
Strange Creature,,,80,110,90,"0,160","0,160","0,160","280,-10",368
Stranger,,,98,81,93,82,82,82,1,95
Strangled,,,,,,,,,,"138,149"
Strangled Bear,,,,,,,,,,197
Strangled Boar,,,,,,,,,,166
Strangled Lynx,,,,,,,,,,182
Strong Barrier,,,0,0,0,0,0,0,0,
Strongbones,,,5,10,10,20,20,20,5,184
Strongest monster,,,,,,,,,,
Suit of armour,,,45,46,50,45,45,45,-12,19
Sulphur Lizard,,,25,15,25,15,15,15,0,50
Sulphur Lizard (Deadman: Apocalypse),,,25,15,25,15,15,15,0,257
Sulphur Nagua,,,10,50,50,200,200,200,200,98
Sulphur Nagua (Perilous Moons),,,10,50,50,200,200,200,200,98
Summoned Zombie,,,0,0,0,0,0,0,0,13
Suqah,,,70,50,70,50,50,50,90,111
Svetlana,,,-21,-21,-21,-21,-21,-21,-21,24
Swamp Crab,,,100,100,100,-55,-55,-55,100,55
Swamp frog,,,0,0,0,0,0,0,0,24
Swamp snake,,,0,0,0,0,0,0,0,"80,109,139"
Swordchick,,,0,0,0,0,0,0,0,46
Taloned Wyvern,,,70,70,70,120,120,120,140,147
Tanglefoot,,,0,0,0,0,0,0,0,"111,199"
Tar Monster,,,0,0,0,0,0,0,0,132
Target,,,0,0,0,0,0,0,0,1
Tarik (Nardah),,,19,18,25,20,20,20,-4,21
Tarn,,,50,50,50,50,50,50,50,69
Tekton,,,"105,180","155,280","165,290",0,0,0,0,
Temple Guardian,,,0,0,0,0,0,0,0,30
Temple Spider,,,10,20,30,20,20,20,25,75
Tentacle (Abyssal Sire),,,0,0,0,0,0,0,0,
Tentacle (Temple Trekking),,,0,0,0,0,0,0,0,99
Terror dog,,,0,0,0,0,0,0,0,"100,110"
Terrorbird,,,0,0,0,0,0,0,0,28
The Draugen,,,100,100,100,500,500,500,500,69
The Everlasting,,,0,0,0,0,0,0,0,"223,365"
The Forsaken Assassin,,,80,60,30,50,50,50,200,252
The Illusive,,,0,0,0,0,0,0,0,108
The Inadequacy,,,0,0,0,0,0,0,0,"343,600"
The Kendal,,,10,10,10,20,20,20,-10,"70,210"
The Maiden of Sugadinti,,,0,0,0,0,0,0,0,"324,940,1,128"
The Shaikahan,,,0,0,0,10000,10000,10000,"10,000",83
The Untouchable,,,0,0,0,0,0,0,0,"274,440"
Thermonuclear smoke devil,,,9,11,4,900,900,900,800,301
Thief,,,"0,14,19","0,8,24","0,13,14","0,9,16","0,9,16","0,9,16","0,4","16,14,21"
Thief (Varlamore),,,0,0,0,0,0,0,0,23
Thing under the bed,,,0,0,0,0,0,0,0,
Third Age Mage,,,5,5,6,-5,-5,-5,65,83
Third Age Ranger,,,60,55,47,55,55,55,60,76
Third Age Warrior,,,113,96,108,97,97,97,-4,83
Thora (Miscellania),,,-12,-12,-12,-12,-12,-12,-12,2
Thorhild,,,0,0,0,0,0,0,0,1
Thrantax the Mighty,,,0,0,0,0,0,0,0,92
Thrower Troll,,,0,0,0,200,200,200,200,67
Thrower troll (Trollheim),,,0,0,0,200,200,200,200,68
Thug,,,3,2,3,0,0,0,0,10
Tok-Xil,,,0,0,0,0,0,0,0,90
Tok-Xil (Construction),,,0,0,0,0,0,0,0,135
Tolna,,,0,0,0,50,50,50,50,46
Torag the Corrupted,Air,50,222,221,235,221,221,221,0,115
Torcher,,,0,0,0,0,0,0,0,"33,49,66,79,91,92"
Tormented Soul,,,0,0,0,0,0,0,0,16
Tormented Warrior,,,0,0,0,0,0,0,0,90
Tortoise,,,0,0,0,0,0,0,0,"79,92"
Tortured gorilla,,,0,0,0,0,0,0,"25,0","141,142"
Tortured soul,,,0,0,0,0,0,0,0,59
Totem (Phosani's Nightmare),Fire,70,,,,,,,,
Totem (The Nightmare),Fire,70,,,,,,,,
Tough Guy,,,10,9,8,0,0,0,0,75
Tower Archer,,,0,0,0,"12,40,45,66","12,40,45,66","12,40,45,66","6,24,34,20","19,34,49,64"
Tower guard,,,28,23,35,0,0,0,0,28
Trapped Soul,,,0,0,0,0,0,0,0,"30,101"
Tree spirit,,,0,0,0,0,0,0,0,"14,29,49,79,120,159"
Tree spirit (Lost City),,,0,0,0,0,0,0,0,"101,199"
Treus Dayth,,,5,5,5,5,5,5,-5,"95,194"
Tribesman,,,6,4,6,0,0,0,0,32
Tribeswoman,,,6,4,6,0,0,0,0,32
Troll (20th Anniversary event),,,,,,,,,,
Troll (Construction),,,40,25,25,200,200,200,200,91
Troll (historical),,,,,,,,,,69
Troll general,,,35,35,60,200,200,200,200,113
Troll spectator,,,10,0,0,200,200,200,200,71
Tstanon Karlak,,,0,0,0,0,0,0,-5,145
Tumeken's Warden,,,"20,70","40,70","40,70","70,20","70,20","70,20","20,-30","489,544"
Turoth,,,20,0,20,0,0,0,0,"83,85,86,87,88,89"
Twig,,,10,0,0,200,200,200,200,71
Twisted Banshee,,,15,15,15,15,15,15,0,89
Typhor,,,0,30,30,0,0,0,30,218
Tyras guard,,,76,87,84,79,79,79,-10,110
Tz-Kek,,,0,0,0,0,0,0,0,"45,22"
Tz-Kih,,,0,0,0,0,0,0,0,22
TzHaar-Hur,,,0,0,0,0,0,0,0,74
TzHaar-Ket,,,0,0,0,0,0,0,0,"149,221"
TzHaar-Mej (monster),,,0,0,0,0,0,0,0,103
TzHaar-Xil,,,0,0,0,0,0,0,0,133
TzKal-Zuk,,,0,0,0,100,100,100,350,"1,400"
TzTok-Jad,,,0,0,0,0,0,0,0,702
TzTok-Jad (PvM Arena),,,0,0,0,0,0,0,0,702
Ugthanki,,,0,0,0,0,0,0,0,42
Ulfric,,,0,0,0,0,0,0,0,100
Umbra,,,100,100,100,25,25,25,150,285
Unbound JalTok-Jad,,,0,0,0,0,0,0,0,"1,350"
Undead Druid,,,80,40,30,40,40,40,140,105
Undead Lumberjack,,,0,0,0,0,0,0,0,"30,35,40,45,50,55,60,64,70"
Undead Zealot,,,0,20,20,10,10,10,0,34
Undead chicken,,,-42,-42,-42,-42,-42,-42,-42,1
Undead cow,,,-21,-21,-21,-21,-21,-21,-21,2
Undead one,,,"3,0","5,0","5,0","4,0","4,0","4,0","1,0","61,68,73"
Ungadulu,,,0,0,0,0,0,0,0,"169,70"
Unicorn,,,0,0,0,0,0,0,0,15
Unicorn Foal,,,0,0,0,0,0,0,0,12
Unicow,,,0,0,0,0,0,0,0,25
Unusual Chicken,,,,,,,,,,1
Uodai,,,0,0,0,0,0,0,0,149
Urium Shade,,,0,0,0,0,0,0,0,140
Uyoro,,,0,0,0,0,0,0,0,149
Valgerd,,,-12,-12,-12,-12,-12,-12,-12,2
Vampyre Juvenile,,,0,0,0,0,0,0,0,45
Vampyre Juvinate,,,0,0,0,0,0,0,0,"50,54,59,75,90,119"
Vanguard,,,"400,150,100","315,150,55","340,150,60","50,400,300,unknown","50,400,300,unknown","50,400,300,unknown","110,20,400",
Vanstrom Klause,,,"0,34","0,34","0,34","0,34","0,34","0,34","0,34","169,459"
Vardorvis,,,"85,50","215,150","65,25","580,560","580,560","580,560","580,560","784,1,136,572"
Vasa Nistirio,No,Zero (scenery),40,170,190,40,30,40,400,
Venenatis,,,10,100,100,150,150,150,300,464
Venenatis (PvM Arena),,,260,260,260,100,100,100,850,464
Venenatis' Spiderling (monster),,,0,0,0,0,0,0,0,12
Vera,,,-21,-21,-21,-21,-21,-21,-21,24
Verac the Defiled,Air,50,221,227,230,225,225,225,0,115
Verzik Vitur,,,"20,100,70,10,40,30","20,100,70,10,40,30","20,60,30,10","10,180,100,20,250,230","10,180,100,20,250,230","10,180,100,20,250,230","20,70,100,10,40,60","1,040,1,265,1,520,425,488,512"
Vespine soldier,,,0,0,0,0,0,0,30,
Vespula,Fire,50,0,0,0,60,60,20,70,
Vet'ion,,,-10,201,200,270,270,270,250,454
Vitreous Jelly,,,0,0,0,0,0,0,0,206
Vitreous warped Jelly,,,0,0,0,0,0,0,0,241
Vitreous warped Jelly (Deadman: Apocalypse),,,0,0,0,0,0,0,0,333
Viyeldi,,,0,0,0,0,0,0,0,79
Void Knight (Pest Control),,,100,100,100,100,100,100,100,
Volatile Baboon,,,900,900,900,-50,-50,-50,-60,72
Vorkath,,,"108,126","26,66","108,126","26,80","26,80","26,80","240,204","732,392"
Vulture,,,0,0,0,0,0,0,0,31
Vyrewatch,,,0,0,0,0,0,0,0,"87,105,110,120,125"
Vyrewatch Sentinel,,,0,0,0,0,0,0,0,151
Wall beast,,,0,0,0,0,0,0,0,49
Wallasalki,,,175,100,150,"-10,10","-10,10","-10,10",250,98
Warped Jelly,,,0,0,0,0,0,0,0,112
Warped Terrorbird,,,0,50,50,62,62,62,0,"96,138"
Warped Tortoise,,,0,50,50,60,60,60,0,121
Warrior (Rellekka),,,50,50,50,50,50,50,50,48
Warrior (Thieving),,,37,40,41,38,38,38,-10,24
Watchman,,,19,24,14,16,16,16,-4,33
Watchman (random event),,,,,,,,,,253
Water elemental,,,0,0,0,0,0,0,0,34
Water wizard,,,0,0,0,0,0,0,15,13
Waterfiend,Earth,100,10,100,100,100,100,100,100,115
Weak Barrier,,,0,0,0,0,0,0,0,
Weaponsmaster,,,21,21,23,20,20,20,-6,23
Well-armed Foe,,,,,,,,,,820
Werewolf,,,"0,-21","0,-21","0,-21","0,-21","0,-21","0,-21","60,-21","88,93"
The Whisperer,,,220,180,300,300,300,300,10,"791,1,146,587"
White Knight,,,70,83,76,"74,85","74,85","74,85",-11,"36,38,39,42"
White Knight (Burthorpe),,,70,83,76,74,74,74,-11,36
White golem,,,300,1,300,300,300,300,300,75
White wolf,,,0,0,0,0,0,0,0,"25,38"
Wighted Leech,,,0,0,0,0,0,0,0,96
Wild dog,,,0,0,0,0,0,0,0,63
Wilson,,,0,0,0,0,0,0,0,37
Wingman Skree,,,0,0,0,0,0,0,0,143
Witch (monster),,,,,,,,,,25
Witch's experiment,,,0,0,0,0,0,0,0,"19,42,53,47,77,103,30,90"
Wizard,,,0,0,0,0,0,0,3,9
Wolf,,,0,0,0,0,0,0,0,"11,14,25,64"
Wolf (Soul Wars),,,10,10,10,10,10,10,10,79
Wolfman,,,,,,,,,,88
Wolfwoman,,,,,,,,,,88
Woman,,,-21,-21,-21,-21,-21,-21,-21,2
Woman (Canifis),,,,,,,,,,24
Woman (East Ardougne),,,-21,-21,-21,-21,-21,-21,-21,2
Woman (West Ardougne),,,"1,0","1,0","1,0",0,0,0,0,"3,4,12,14"
Woman (historical),,,-21,-21,-21,-21,-21,-21,-21,2
Wormbrain,,,0,0,0,0,0,0,0,2
Wyrm,Earth,50,50,10,50,20,10,20,50,99
Wyrmling,Earth,50,50,20,50,20,20,20,50,55
Xamphur,,,180,180,180,30,30,30,260,239
Xarpus,,,0,0,0,"100,160","100,160","100,160",0,"331,960,1,160"
Yadviga,,,-21,-21,-21,-21,-21,-21,-21,24
Yak,,,0,0,0,0,0,0,0,22
Yeti,,,,,,,,,,58
Young impling,,,-10,-10,-10,-10,-10,-10,10,
Yrsa (Miscellania),,,,,,,,,,1
Yt-HurKot,,,0,0,0,"100,130","100,130","100,130","100,130","108,141"
Yt-MejKot,,,0,0,0,0,0,0,0,180
Yuri,,,-21,-21,-21,-21,-21,-21,-21,24
Zakl'n Gritch,,,0,0,0,0,0,0,-5,142
Zalcano,,,0,0,0,0,0,0,0,336
Zamorak crafter,,,0,0,0,0,0,0,0,19
Zamorak mage,,,0,0,0,0,0,0,0,"82,84"
Zamorak ranger,,,0,0,0,0,0,0,0,"81,82"
Zamorak warrior,,,0,0,0,0,0,0,0,"84,85"
Zamorak wizard,,,0,0,0,0,0,0,3,65
Zebak,,,260,160,160,110,110,110,200,371
Zogre,,,0,0,0,0,0,0,0,44
Zoja,,,-21,-21,-21,-21,-21,-21,-21,24
Zombie,,,"0,12,22","0,9,19,20","0,8,18,20","0,11,21,10","0,11,21,10","0,11,21,10","0,10,20","13,18,24,30,44,53,56,70,72,76"
Zombie (Entrana Dungeon),,,12,10,8,10,10,10,10,25
Zombie (Melzar's Maze),,,12,9,8,11,11,11,10,24
Zombie (Sepulchre of Death),,,0,0,0,0,0,0,0,159
Zombie (Shayzien Crypts),,,"25,15,35","25,15,35","20,10,30","30,20,10","30,20,10","30,20,10","10,30,20",132
Zombie (Tarn's Lair),,,0,20,20,10,10,10,0,"40,42,47,50,56,61,67,70,72,76,80,81,85,86,90,95,98,100"
Zombie (Temple Trekking),,,0,0,0,0,0,0,0,23
Zombie (Zogre Flesh Eaters),,,0,0,0,0,0,0,0,39
Zombie pirate,,,0,0,0,0,0,0,0,"22,28,34"
Zombie pirate (Braindeath Island),,,0,0,0,0,0,0,0,57
Zombie pirate (Harmony Island),,,0,0,0,0,0,0,0,57
Zombie rat,,,0,0,0,0,0,0,0,3
Zombie swab,,,0,0,0,0,0,0,0,55
Zombies Champion,,,0,0,0,0,0,0,0,51
Zombified Spawn,,,3,3,3,3,3,3,-100,"64,55"
Zulrah,Fire,50,0,0,0,"50,300,0","50,300,0","50,300,0","-45,0,300",725
Zygomite,,,10,10,10,20,20,20,20,"74,86"
